"* Required Fields","* Required Fields"
"Contact Us","Contact Us"
"Contacts","CT"
"Email","Email"
"Name","Name"
"Submit","Submit"
"Telephone","Phone"
"Content","Content"
"Please enter Contact Us Form","Please enter Contact Us Form"
"Your inquiry was submitted and will be responded to as soon as possible. Thank you for contacting us.","Your inquiry was submitted and will be responded to as soon as possible. Thank you for contacting us."
"Please enter Contact Us Form","Please enter Contact Us Form"
